{
  "49ers": "Charlotte",
  "abilene christian": "Abilene Christian",
  "abilene christian wildcats": "Abilene Christian",
  "adams state": "Adams State",
  "adams state grizzlies": "Adams State",
  "aggies": "Texas A&M",
  "air force": "Air Force",
  "air force falcons": "Air Force",
  "akron": "Akron",
  "akron zips": "Akron",
  "alabama": "Alabama",
  "alabama a&m": "Alabama A&M",
  "alabama a&m bulldogs": "Alabama A&M",
  "alabama crimson tide": "Alabama",
  "alabama st hornets": "Alabama State",
  "alabama st.": "Alabama State",
  "alabama state": "Alabama State",
  "alabama state hornets": "Alabama State",
  "alabama-birmingham": "UAB",
  "albany": "Albany",
  "albany great danes": "Albany",
  "albany st (ga) golden": "Albany St (GA) Golden",
  "albany st (ga) golden rams": "Albany St (GA) Golden",
  "alcorn st braves": "Alcorn State",
  "alcorn st.": "Alcorn State",
  "alcorn state": "Alcorn State",
  "alcorn state braves": "Alcorn State",
  "allen university": "Allen University",
  "allen university yellow jackets": "Allen University",
  "american": "American",
  "american eagles": "American",
  "american university": "American",
  "american university eagles": "American University",
  "anderson (sc)": "Anderson (SC)",
  "anderson (sc) trojans": "Anderson (SC)",
  "app state": "Appalachian State",
  "app state mountaineers": "App State",
  "appalachian st mountaineers": "Appalachian State",
  "appalachian st.": "Appalachian State",
  "appalachian state": "Appalachian State",
  "appalachian state mountaineers": "Appalachian State",
  "arizona": "Arizona",
  "arizona st sun devils": "Arizona State",
  "arizona st.": "Arizona State",
  "arizona state": "Arizona State",
  "arizona state sun devils": "Arizona State",
  "arizona wildcats": "Arizona",
  "ark": "Arkansas",
  "arkansas": "Arkansas",
  "arkansas little rock": "UALR",
  "arkansas pine bluff": "Arkansas-Pine Bluff",
  "arkansas razorbacks": "Arkansas",
  "arkansas st red wolves": "Arkansas State",
  "arkansas st.": "Arkansas State",
  "arkansas state": "Arkansas State",
  "arkansas state red wolves": "Arkansas State",
  "arkansas-little rock": "UALR",
  "arkansas-little rock trojans": "UALR",
  "arkansas-pine bluff": "Arkansas-Pine Bluff",
  "arkansas-pine bluff golden": "Arkansas-Pine Bluff",
  "arkansas-pine bluff golden lions": "Arkansas-Pine Bluff",
  "army": "Army Black Knights",
  "army knights": "Army Black Knights",
  "army west point": "Army Black Knights",
  "asu": "Arizona St.",
  "auburn": "Auburn",
  "auburn tigers": "Auburn",
  "austin peay": "Austin Peay",
  "austin peay governors": "Austin Peay",
  "aztecs": "San Diego St.",
  "badgers": "Wisconsin",
  "ball st cardinals": "Ball State",
  "ball st.": "Ball State",
  "ball state": "Ball State",
  "ball state cardinals": "Ball State",
  "bama": "Alabama",
  "baylor": "Baylor",
  "baylor bears": "Baylor",
  "bc": "Boston College",
  "beacons": "Valparaiso",
  "bearcats": "Cincinnati",
  "bears": "Baylor",
  "bellarmine": "Bellarmine",
  "bellarmine knights": "Bellarmine",
  "belmont": "Belmont",
  "belmont bruins": "Belmont",
  "benedictine (az)": "Benedictine (AZ)",
  "benedictine (az) redhawks": "Benedictine (AZ)",
  "berea": "Berea",
  "berea mountaineers": "Berea",
  "bethel (in)": "Bethel (IN)",
  "bethel (in) pilots": "Bethel (IN)",
  "bethesda university": "Bethesda University",
  "bethesda university flames": "Bethesda University",
  "bethune cookman": "Bethune Cookman",
  "bethune-cookman": "Bethune-Cookman",
  "bethune-cookman wildcats": "Bethune-Cookman",
  "bgsu": "Bowling Green",
  "big green": "Dartmouth",
  "big red": "Cornell",
  "billikens": "Saint Louis",
  "binghamton": "Binghamton",
  "binghamton bearcats": "Binghamton",
  "blazers": "UAB",
  "bloomsburg": "Bloomsburg",
  "bloomsburg huskies": "Bloomsburg",
  "blue demons": "DePaul",
  "blue devils": "Duke",
  "blue raiders": "Middle Tennessee",
  "bluefield university ramblin'": "Bluefield University Ramblin'",
  "bluefield university ramblin' rams": "Bluefield University Ramblin'",
  "bluejays": "Creighton",
  "bob jones": "Bob Jones",
  "bob jones bruins": "Bob Jones",
  "bobcats": "Ohio",
  "boilermakers": "Purdue",
  "boise st": "Boise St.",
  "boise st broncos": "Boise State",
  "boise st.": "Boise State",
  "boise state": "Boise State",
  "boise state broncos": "Boise State",
  "bonnies": "St. Bonaventure",
  "boston college": "Boston College",
  "boston college blue devils": "Boston College",
  "boston college eagles": "Boston College",
  "boston u": "Boston U",
  "boston u.": "Boston U.",
  "boston univ.": "Boston University",
  "boston univ. terriers": "Boston University",
  "boston university": "Boston University",
  "boston university terriers": "Boston University",
  "bowling green": "Bowling Green",
  "bowling green falcons": "Bowling Green",
  "bowling green st.": "Bowling Green",
  "bradley": "Bradley",
  "bradley braves": "Bradley",
  "braves": "Bradley",
  "brewton-parker": "Brewton-Parker",
  "brewton-parker wildcats": "Brewton-Parker",
  "brigham young": "BYU",
  "broncos": "Boise St.",
  "broncs": "Rider",
  "brown": "Brown",
  "brown bears": "Brown",
  "bruins": "UCLA",
  "bryan (tn)": "Bryan (TN)",
  "bryan (tn) lions": "Bryan (TN)",
  "bryant": "Bryant University",
  "bryant bulldogs": "Bryant University",
  "bryn athyn": "Bryn Athyn",
  "bryn athyn lions": "Bryn Athyn",
  "bsu": "Boise State",
  "bu terriers": "Boston University",
  "buckeyes": "Ohio St.",
  "bucknell": "Bucknell",
  "bucknell bison": "Bucknell",
  "buena vista": "Buena Vista",
  "buena vista beavers": "Buena Vista",
  "buffalo": "Buffalo",
  "buffalo bulls": "Buffalo",
  "buffaloes": "Colorado",
  "bulldogs": "Georgia",
  "bulls": "South Florida",
  "butler": "Butler",
  "butler bulldogs": "Butler",
  "byu": "BYU",
  "byu cougars": "BYU",
  "c. connecticut": "C. Connecticut",
  "cairn university": "Cairn University",
  "cairn university highlanders": "Cairn University",
  "cal baptist": "California Baptist",
  "cal baptist lancers": "California Baptist",
  "cal poly": "Cal Poly",
  "cal poly mustangs": "Cal Poly",
  "cal st. bakersfield": "Cal St. Bakersfield",
  "cal st. fullerton": "Cal St. Fullerton",
  "cal st. northridge": "Cal St. Northridge",
  "cal state bakersfield": "Cal State Bakersfield Roadrunners",
  "cal state bakersfield roadrunners": "Cal State Bakersfield",
  "cal state fullerton": "Cal State Fullerton Titans",
  "cal state fullerton titans": "Cal State Fullerton",
  "cal state la": "Cal State LA",
  "cal state la golden eagles": "Cal State LA",
  "cal state northridge": "CS Northridge",
  "cal state northridge matadors": "Cal State Northridge",
  "california": "California",
  "california baptist": "California Baptist",
  "california golden": "California Golden",
  "california golden bears": "California",
  "campbell": "Campbell",
  "campbell fighting camels": "Campbell",
  "campbellsville": "Campbellsville",
  "campbellsville tigers": "Campbellsville",
  "campbellsville-harrodsburg": "Campbellsville-Harrodsburg",
  "campbellsville-harrodsburg pioneers": "Campbellsville-Harrodsburg",
  "canisius": "Canisius",
  "canisius golden griffins": "Canisius",
  "cardinals": "Louisville",
  "cards": "Louisville",
  "carolina": "North Carolina",
  "carver college": "Carver College",
  "carver college cougars": "Carver College",
  "catamounts": "Western Carolina",
  "cavaliers": "Virginia",
  "ccu": "Coastal Carolina",
  "cedarville": "Cedarville",
  "cedarville yellow jackets": "Cedarville",
  "central arkansas": "Central Arkansas",
  "central arkansas bears": "Central Arkansas",
  "central christian college": "Central Christian College",
  "central christian college tigers": "Central Christian College",
  "central connecticut": "Central Connecticut",
  "central connecticut blue devils": "Central Connecticut",
  "central connecticut st blue devils": "Central Connecticut State",
  "central connecticut state": "Central Connecticut State",
  "central florida": "UCF",
  "central michigan": "Central Michigan",
  "central michigan chippewas": "Central Michigan",
  "chadron state": "Chadron State",
  "chadron state eagles": "Chadron State",
  "champion christian": "Champion Christian",
  "champion christian tigers": "Champion Christian",
  "chanticleers": "Coastal Carolina",
  "charleston": "Charleston",
  "charleston cougars": "Charleston",
  "charleston so.": "Charleston So.",
  "charleston southern": "Charleston Southern",
  "charleston southern buccaneers": "Charleston Southern",
  "charlotte": "Charlotte",
  "charlotte 49ers": "Charlotte",
  "chattanooga": "Chattanooga Mocs",
  "chicago st cougars": "Chicago State",
  "chicago st.": "Chicago State",
  "chicago state": "Chicago State",
  "chicago state cougars": "Chicago State",
  "chippewas": "Central Michigan",
  "cincinnati": "Cincinnati",
  "cincinnati bearcats": "Cincinnati",
  "cincinnati clermont": "Cincinnati Clermont",
  "cincinnati clermont cougars": "Cincinnati Clermont",
  "cincy": "Cincinnati",
  "citadel": "The Citadel",
  "cleary university": "Cleary University",
  "cleary university cougars": "Cleary University",
  "clemson": "Clemson",
  "clemson blue devils": "Clemson",
  "clemson tigers": "Clemson",
  "cleveland st vikings": "Cleveland State",
  "cleveland st.": "Cleveland State",
  "cleveland state": "Cleveland State",
  "cleveland state vikings": "Cleveland State",
  "cmu": "Central Michigan",
  "coastal carolina": "Coastal Carolina",
  "coastal carolina chanticleers": "Coastal Carolina",
  "colgate": "Colgate",
  "colgate raiders": "Colgate",
  "college of new jersey": "College of New Jersey",
  "college of new jersey lions": "College of New Jersey",
  "colonials": "George Washington",
  "colorado": "Colorado",
  "colorado buffaloes": "Colorado",
  "colorado christian": "Colorado Christian",
  "colorado christian cougars": "Colorado Christian",
  "colorado st rams": "Colorado State",
  "colorado st.": "Colorado State",
  "colorado state": "Colorado State",
  "colorado state rams": "Colorado State",
  "columbia": "Columbia",
  "columbia international": "Columbia International",
  "columbia international rams": "Columbia International",
  "columbia lions": "Columbia",
  "commodores": "Vanderbilt",
  "connecticut": "Connecticut",
  "connecticut huskies": "Connecticut",
  "coppin st eagles": "Coppin State",
  "coppin st.": "Coppin State",
  "coppin state": "Coppin State",
  "coppin state eagles": "Coppin State",
  "cornell": "Cornell",
  "cornell big red": "Cornell",
  "cornell college (ia)": "Cornell College (IA)",
  "cornell college (ia) rams": "Cornell College (IA)",
  "cornhuskers": "Nebraska",
  "cougars": "Houston",
  "cowboys": "Oklahoma St.",
  "creighton": "Creighton",
  "creighton bluejays": "Creighton",
  "crimson": "Harvard",
  "crimson tide": "Alabama",
  "crowley's ridge": "Crowley's Ridge",
  "crowley's ridge pioneers": "Crowley's Ridge",
  "cs bakersfield": "Cal State Bakersfield Roadrunners",
  "cs fullerton": "Cal State Fullerton Titans",
  "csu": "Colorado State",
  "csu bakersfield": "Cal State Bakersfield Roadrunners",
  "csu bakersfield roadrunners": "Cal State Bakersfield Roadrunners",
  "csu fullerton": "Cal State Fullerton Titans",
  "csu fullerton titans": "Cal State Fullerton Titans",
  "csu northridge": "CS Northridge",
  "csu northridge matadors": "CS Northridge",
  "cu": "Colorado",
  "cuse": "Syracuse",
  "cyclones": "Iowa St.",
  "dakota state": "Dakota State",
  "dakota state trojans": "Dakota State",
  "dakota wesleyan": "Dakota Wesleyan",
  "dakota wesleyan tigers": "Dakota Wesleyan",
  "dartmouth": "Dartmouth",
  "dartmouth big green": "Dartmouth",
  "davidson": "Davidson",
  "davidson wildcats": "Davidson",
  "dawgs": "Georgia",
  "dayton": "Dayton",
  "dayton flyers": "Dayton",
  "defiance": "Defiance",
  "defiance yellow jackets": "Defiance",
  "delaware": "Delaware",
  "delaware blue hens": "Delaware",
  "delaware st hornets": "Delaware State",
  "delaware st.": "Delaware St.",
  "delaware state": "Delaware State",
  "delaware state hornets": "Delaware State",
  "demon deacons": "Wake Forest",
  "denver": "Denver",
  "denver pioneers": "Denver",
  "depaul": "DePaul",
  "depaul blue demons": "DePaul",
  "detroit": "Detroit Mercy",
  "detroit mercy": "Detroit Mercy",
  "detroit mercy titans": "Detroit Mercy",
  "dillard": "Dillard",
  "dillard blue devils": "Dillard",
  "dons": "San Francisco",
  "drake": "Drake",
  "drake bulldogs": "Drake",
  "drexel": "Drexel",
  "drexel dragons": "Drexel",
  "ducks": "Oregon",
  "duke": "Duke",
  "duke blue devils": "Duke",
  "dukes": "Duquesne",
  "duquesne": "Duquesne",
  "duquesne dukes": "Duquesne",
  "e. illinois": "E. Illinois",
  "e. washington": "East. Washington",
  "eagles": "Boston College",
  "east carolina": "East Carolina",
  "east carolina pirates": "East Carolina",
  "east tennessee st buccaneers": "East Tennessee St",
  "east tennessee st.": "East Tennessee State",
  "east tennessee state": "East Tennessee St",
  "east tennessee state buccaneers": "East Tennessee St",
  "east texas a&m": "East Texas A&M",
  "east texas a&m lions": "East Texas A&M",
  "eastern illinois": "Eastern Illinois",
  "eastern illinois panthers": "Eastern Illinois",
  "eastern kentucky": "Eastern Kentucky",
  "eastern kentucky colonels": "Eastern Kentucky",
  "eastern michigan": "Eastern Michigan",
  "eastern michigan eagles": "Eastern Michigan",
  "eastern oregon": "Eastern Oregon",
  "eastern oregon mountaineers": "Eastern Oregon",
  "eastern washington": "East. Washington",
  "eastern washington eagles": "East. Washington",
  "ecu": "East Carolina",
  "elmira soaring": "Elmira Soaring",
  "elmira soaring eagles": "Elmira Soaring",
  "elon": "Elon",
  "elon phoenix": "Elon",
  "emmanuel (ma)": "Emmanuel (MA)",
  "emmanuel (ma) lions": "Emmanuel (MA)",
  "emu": "Eastern Michigan",
  "etsu": "East Tennessee St",
  "etsu buccaneers": "ETSU",
  "evansville": "Evansville",
  "evansville purple aces": "Evansville",
  "ewu": "East. Washington",
  "explorers": "La Salle",
  "fairfield": "Fairfield",
  "fairfield stags": "Fairfield",
  "fairleigh dickinson": "Fairleigh Dickinson",
  "fairleigh dickinson knights": "Fairleigh Dickinson",
  "fairmont st falcons": "Fairmont State",
  "fairmont state": "Fairmont State",
  "falcons": "Air Force",
  "fau": "Florida Atlantic",
  "ferrum": "Ferrum",
  "ferrum panthers": "Ferrum",
  "fgcu": "Florida Gulf Coast",
  "fighting illini": "Illinois",
  "fighting irish": "Notre Dame",
  "fiu": "Florida International",
  "fiu golden panthers": "Florida International",
  "fiu panthers": "Florida International",
  "fla int'l": "Florida International",
  "florida": "Florida",
  "florida a&m": "Florida A&M",
  "florida a&m rattlers": "Florida A&M",
  "florida atlantic": "Florida Atlantic",
  "florida atlantic owls": "Florida Atlantic",
  "florida gators": "Florida",
  "florida gulf coast": "Florida Gulf Coast",
  "florida gulf coast eagles": "Florida Gulf Coast",
  "florida int'l": "Florida International",
  "florida int'l golden": "Florida International",
  "florida int'l golden panthers": "Florida International",
  "florida international": "Florida International",
  "florida international golden panthers": "Florida International",
  "florida international panthers": "Florida International",
  "florida intl": "Florida International",
  "florida st seminoles": "Florida State",
  "florida st.": "Florida State",
  "florida st. blue devils": "Florida St.",
  "florida state": "Florida State",
  "florida state seminoles": "Florida State",
  "flyers": "Dayton",
  "fordham": "Fordham",
  "fordham rams": "Fordham",
  "fort wayne": "IPFW",
  "fort wayne mastodons": "IPFW",
  "fresno st bulldogs": "Fresno State",
  "fresno st.": "Fresno State",
  "fresno state": "Fresno State",
  "fresno state bulldogs": "Fresno State",
  "friars": "Providence",
  "frostburg state": "Frostburg State",
  "frostburg state bobcats": "Frostburg State",
  "fsu": "Florida St.",
  "furman": "Furman",
  "furman paladins": "Furman",
  "ga southern": "Georgia Southern",
  "gaels": "Saint Mary's",
  "gamecocks": "South Carolina",
  "gardner webb": "Gardner Webb",
  "gardner-webb": "Gardner Webb",
  "gardner-webb bulldogs": "Gardner Webb",
  "gardner-webb runnin'": "Gardner-Webb Runnin'",
  "gardner-webb runnin' bulldogs": "Gardner-Webb Runnin'",
  "gators": "Florida",
  "george mason": "George Mason",
  "george mason patriots": "George Mason",
  "george washington": "George Washington",
  "george washington colonials": "George Washington",
  "george washington revolutionaries": "George Washington",
  "georgetown": "Georgetown",
  "georgetown hoyas": "Georgetown",
  "georgia": "Georgia",
  "georgia bulldogs": "Georgia",
  "georgia southern": "Georgia Southern",
  "georgia southern eagles": "Georgia Southern",
  "georgia st panthers": "Georgia State",
  "georgia st.": "Georgia State",
  "georgia state": "Georgia State",
  "georgia state panthers": "Georgia State",
  "georgia tech": "Georgia Tech",
  "georgia tech blue devils": "Georgia Tech",
  "georgia tech yellow jackets": "Georgia Tech",
  "glenville state": "Glenville State",
  "glenville state pioneers": "Glenville State",
  "gmu": "George Mason",
  "golden eagles": "Marquette",
  "golden flashes": "Kent St.",
  "golden gophers": "Minnesota",
  "golden griffins": "Canisius",
  "golden grizzlies": "Oakland",
  "golden hurricane": "Tulsa",
  "gonzaga": "Gonzaga",
  "gonzaga bulldogs": "Gonzaga",
  "gophers": "Minnesota",
  "grambling": "Grambling",
  "grambling st tigers": "Grambling State",
  "grambling st.": "Grambling State",
  "grambling state": "Grambling State",
  "grambling tigers": "Grambling",
  "grand canyon": "Grand Canyon",
  "grand canyon antelopes": "Grand Canyon",
  "green bay": "Wisc. Green Bay",
  "green bay phoenix": "Wisc. Green Bay",
  "green wave": "Tulane",
  "greensboro college": "Greensboro College",
  "greensboro college pride": "Greensboro College",
  "gt": "Georgia Tech",
  "gw": "George Washington",
  "gw revolutionaries": "George Washington",
  "hampton": "Hampton",
  "hampton pirates": "Hampton",
  "hampton university": "Hampton",
  "hartford": "Hartford",
  "hartford hawks": "Hartford",
  "harvard": "Harvard",
  "harvard crimson": "Harvard",
  "hawai'i": "Hawaii",
  "hawai'i rainbow warriors": "Hawaii",
  "hawaii": "Hawaii",
  "hawaii rainbow warriors": "Hawaii",
  "hawkeyes": "Iowa",
  "high point": "High Point",
  "high point panthers": "High Point",
  "hilltoppers": "Western Kentucky",
  "hiwassee": "Hiwassee",
  "hiwassee tigers": "Hiwassee",
  "hofstra": "Hofstra",
  "hofstra pride": "Hofstra",
  "hogs": "Arkansas",
  "hokies": "Virginia Tech",
  "holy cross": "Holy Cross",
  "holy cross crusaders": "Holy Cross",
  "hoosiers": "Indiana",
  "horned frogs": "TCU",
  "houghton": "Houghton",
  "houghton highlanders": "Houghton",
  "houston": "Houston",
  "houston baptist": "Houston Christian",
  "houston baptist huskies": "Houston Christian",
  "houston christian": "Houston Christian",
  "houston christian huskies": "Houston Christian",
  "houston cougars": "Houston",
  "howard": "Howard",
  "howard bison": "Howard",
  "howard payne": "Howard Payne",
  "howard payne yellow jackets": "Howard Payne",
  "hoyas": "Georgetown",
  "huskers": "Nebraska",
  "huskies": "Washington",
  "huston-tillotson": "Huston-Tillotson",
  "huston-tillotson rams": "Huston-Tillotson",
  "idaho": "Idaho",
  "idaho st bengals": "Idaho State",
  "idaho st.": "Idaho State",
  "idaho state": "Idaho State",
  "idaho state bengals": "Idaho State",
  "idaho vandals": "Idaho",
  "illini": "Illinois",
  "illinois": "Illinois",
  "illinois chicago": "Illinois (Chi.)",
  "illinois fighting illini": "Illinois",
  "illinois st redbirds": "Illinois State",
  "illinois st.": "Illinois State",
  "illinois state": "Illinois State",
  "illinois state redbirds": "Illinois State",
  "illinois-chicago": "Illinois (Chi.)",
  "incarnate word": "Incarnate Word",
  "incarnate word cardinals": "Incarnate Word",
  "indiana": "Indiana",
  "indiana hoosiers": "Indiana",
  "indiana purdue indianapolis": "IUPUI",
  "indiana st sycamores": "Indiana State",
  "indiana st.": "Indiana State",
  "indiana state": "Indiana State",
  "indiana state sycamores": "Indiana State",
  "indiana university-purdue university indianapolis": "IU Indy",
  "iona": "Iona",
  "iona gaels": "Iona",
  "iowa": "Iowa",
  "iowa hawkeyes": "Iowa",
  "iowa st cyclones": "Iowa State",
  "iowa st.": "Iowa State",
  "iowa state": "Iowa State",
  "iowa state cyclones": "Iowa State",
  "ipfw": "IPFW",
  "ipfw jaguars": "Purdue Fort Wayne Mastodons",
  "isu": "Iowa State",
  "isu redbirds": "Illinois State",
  "iu": "Indiana",
  "iu indianapolis": "IU Indianapolis",
  "iu indianapolis jaguars": "IU Indianapolis",
  "iu indy": "IU Indy",
  "iupui": "IU Indy",
  "iupui jaguars": "IU Indy",
  "jackson st tigers": "Jackson State",
  "jackson st.": "Jackson State",
  "jackson state": "Jackson State",
  "jackson state tigers": "Jackson State",
  "jacksonville": "Jacksonville",
  "jacksonville dolphins": "Jacksonville",
  "jacksonville st gamecocks": "Jacksonville State",
  "jacksonville st.": "Jacksonville State",
  "jacksonville state": "Jacksonville State",
  "jacksonville state gamecocks": "Jacksonville State",
  "james madison": "James Madison",
  "james madison dukes": "James Madison",
  "jarvis christian": "Jarvis Christian",
  "jarvis christian bulldogs": "Jarvis Christian",
  "jaspers": "Manhattan",
  "jayhawks": "Kansas",
  "jmu": "James Madison",
  "john brown": "John Brown",
  "john brown golden eagles": "John Brown",
  "k-state": "Kansas State",
  "kansas": "Kansas",
  "kansas jayhawks": "Kansas",
  "kansas st wildcats": "Kansas State",
  "kansas st.": "Kansas State",
  "kansas state": "Kansas State",
  "kansas state wildcats": "Kansas State",
  "keene st owls": "Keene State",
  "keene state": "Keene State",
  "kennesaw st owls": "Kennesaw State",
  "kennesaw st.": "Kennesaw State",
  "kennesaw state": "Kennesaw State",
  "kennesaw state owls": "Kennesaw State",
  "kent st golden flashes": "Kent State",
  "kent st.": "Kent State",
  "kent state": "Kent State",
  "kent state golden flashes": "Kent State",
  "kentucky": "Kentucky",
  "kentucky wesleyan": "Kentucky Wesleyan",
  "kentucky wesleyan panthers": "Kentucky Wesleyan",
  "kentucky wildcats": "Kentucky",
  "knights": "UCF",
  "ksu": "Kansas State",
  "ku": "Kansas",
  "la salle": "La Salle",
  "la salle explorers": "La Salle",
  "la sierra": "La Sierra",
  "la sierra golden eagles": "La Sierra",
  "la tech": "Louisiana Tech",
  "lafayette": "Lafayette",
  "lafayette leopards": "Lafayette",
  "lagrange": "LaGrange",
  "lagrange panthers": "LaGrange",
  "lamar": "Lamar",
  "lamar cardinals": "Lamar",
  "latech": "Louisiana Tech",
  "lbsu": "Long Beach State",
  "le moyne": "Le Moyne",
  "le moyne dolphins": "Le Moyne",
  "lehigh": "Lehigh",
  "lehigh mountain": "Lehigh",
  "lehigh mountain hawks": "Lehigh",
  "lenoir-rhyne": "Lenoir-Rhyne",
  "lenoir-rhyne bears": "Lenoir-Rhyne",
  "letourneau": "LeTourneau",
  "letourneau yellow jackets": "LeTourneau",
  "lewis & clark": "Lewis & Clark",
  "lewis & clark pioneers": "Lewis & Clark",
  "liberty": "Liberty",
  "liberty flames": "Liberty",
  "lindenwood": "Lindenwood",
  "lindenwood lions": "Lindenwood",
  "lindsey wilson blue": "Lindsey Wilson Blue",
  "lindsey wilson blue raiders": "Lindsey Wilson Blue",
  "lipscomb": "Lipscomb",
  "lipscomb bisons": "Lipscomb",
  "little rock": "UALR",
  "little rock trojans": "UALR",
  "liu": "Long Island",
  "liu brooklyn": "Long Island",
  "liu brooklyn blackbirds": "Long Island",
  "liu sharks": "Long Island",
  "lmu": "Loyola Marymount",
  "lobos": "New Mexico",
  "long beach st 49ers": "Long Beach State",
  "long beach st beach": "Long Beach State",
  "long beach st.": "Long Beach State",
  "long beach state": "Long Beach State",
  "long beach state 49ers": "Long Beach State",
  "long beach state beach": "Long Beach State",
  "long island university": "Long Island",
  "longhorns": "Texas",
  "longwood": "Longwood",
  "longwood lancers": "Longwood",
  "louisiana": "Louisiana Lafayette",
  "louisiana christian": "Louisiana Christian",
  "louisiana christian wildcats": "Louisiana Christian",
  "louisiana monroe": "UL Monroe",
  "louisiana monroe warhawks": "UL Monroe",
  "louisiana ragin cajuns": "Louisiana Lafayette",
  "louisiana ragin' cajuns": "Louisiana Lafayette",
  "louisiana state": "LSU",
  "louisiana tech": "Louisiana Tech",
  "louisiana tech bulldogs": "Louisiana Tech",
  "louisiana-lafayette": "Louisiana Lafayette",
  "louisiana-monroe": "UL Monroe",
  "louisville": "Louisville",
  "louisville blue devils": "Louisville",
  "louisville cardinals": "Louisville",
  "loyola (chi)": "Loyola (Chi)",
  "loyola (chi) ramblers": "Loyola Chicago",
  "loyola (md)": "Loyola Maryland",
  "loyola (md) greyhounds": "Loyola Maryland",
  "loyola chicago": "Loyola Chicago",
  "loyola chicago ramblers": "Loyola Chicago",
  "loyola maryland": "Loyola Maryland",
  "loyola maryland greyhounds": "Loyola Maryland",
  "loyola marymount": "Loyola Marymount",
  "loyola marymount lions": "Loyola Marymount",
  "loyola md": "Loyola Maryland",
  "loyola-chicago": "Loyola Chicago",
  "loyola-chicago ramblers": "Loyola Chicago",
  "loyola-maryland": "Loyola Maryland",
  "lsu": "LSU",
  "lsu tigers": "LSU",
  "maine": "Maine",
  "maine black": "Maine Black",
  "maine black bears": "Maine Black",
  "maine-fort kent": "Maine-Fort Kent",
  "maine-fort kent bengals": "Maine-Fort Kent",
  "manchester": "Manchester",
  "manchester spartans": "Manchester",
  "manhattan": "Manhattan",
  "manhattan jaspers": "Manhattan",
  "marist": "Marist",
  "marist red foxes": "Marist",
  "marquette": "Marquette",
  "marquette golden eagles": "Marquette",
  "marshall": "Marshall",
  "marshall thundering herd": "Marshall",
  "maryland": "Maryland",
  "maryland e. shore": "Maryland E. Shore",
  "maryland eastern shore": "Maryland Eastern Shore",
  "maryland eastern shore hawks": "Maryland Eastern Shore",
  "maryland terrapins": "Maryland",
  "maryland-eastern shore": "Md.-East. Shore",
  "maryland-eastern shore hawks": "Md.-East. Shore",
  "massachusetts": "Massachusetts",
  "massachusetts minutemen": "Massachusetts",
  "mcmurry war": "McMurry War",
  "mcmurry war hawks": "McMurry War",
  "mcneese": "McNeese",
  "mcneese cowboys": "McNeese",
  "mcneese st": "McNeese",
  "mcneese st cowboys": "McNeese",
  "mcneese st mcneese": "McNeese",
  "mcneese st.": "Mcneese State",
  "mcneese state": "McNeese",
  "mcneese state cowboys": "McNeese",
  "mean green": "North Texas",
  "memphis": "Memphis",
  "memphis tigers": "Memphis",
  "mercer": "Mercer",
  "mercer bears": "Mercer",
  "mercy": "Mercy",
  "mercy mavericks": "Mercy",
  "mercyhurst": "Mercyhurst",
  "merrimack": "Merrimack",
  "miami": "Miami (FL)",
  "miami (fl)": "Miami (FL)",
  "miami (fl) hurricanes": "Miami",
  "miami (oh)": "Miami (Ohio)",
  "miami (oh) redhawks": "Miami (Ohio)",
  "miami fl": "Miami (FL)",
  "miami fl blue devils": "Miami FL",
  "miami hurricanes": "Miami (FL)",
  "miami oh": "Miami (Ohio)",
  "miami ohio": "Miami (Ohio)",
  "miami redhawks": "Miami (Ohio)",
  "miami-ohio": "Miami (Ohio)",
  "michigan": "Michigan",
  "michigan st spartans": "Michigan State",
  "michigan st.": "Michigan State",
  "michigan state": "Michigan State",
  "michigan state spartans": "Michigan State",
  "michigan wolverines": "Michigan",
  "mid-atlantic christian": "Mid-Atlantic Christian",
  "mid-atlantic christian mustangs": "Mid-Atlantic Christian",
  "middle tennessee": "Middle Tenn. St.",
  "middle tennessee blue": "Middle Tenn. St.",
  "middle tennessee blue raiders": "Middle Tenn. St.",
  "middle tennessee state": "Middle Tenn. St.",
  "midway university": "Midway University",
  "midway university eagles": "Midway University",
  "milwaukee": "Wisc. Milwaukee",
  "milwaukee panthers": "Wisc. Milwaukee",
  "miners": "UTEP",
  "minnesota": "Minnesota",
  "minnesota crookston": "Minnesota Crookston",
  "minnesota crookston golden eagles": "Minnesota Crookston",
  "minnesota golden": "Minnesota",
  "minnesota golden gophers": "Minnesota",
  "miss state": "Mississippi St.",
  "miss valley st": "Miss. Valley St.",
  "miss valley st delta devils": "Miss. Valley St.",
  "miss valley state": "Miss. Valley St.",
  "miss. st.": "Mississippi State",
  "miss. valley st.": "Miss. Valley St.",
  "mississippi": "Mississippi",
  "mississippi rebels": "Mississippi",
  "mississippi st bulldogs": "Mississippi State",
  "mississippi st.": "Mississippi State",
  "mississippi state": "Mississippi State",
  "mississippi state bulldogs": "Mississippi State",
  "mississippi valley st": "Miss. Valley St.",
  "mississippi valley st.": "Miss. Valley St.",
  "mississippi valley state": "Miss. Valley St.",
  "mississippi valley state delta devils": "Miss. Valley St.",
  "missouri": "Missouri",
  "missouri st bears": "Missouri State",
  "missouri st.": "Missouri State",
  "missouri state": "Missouri State",
  "missouri state bears": "Missouri State",
  "missouri tigers": "Missouri",
  "mizzou": "Missouri",
  "mobile": "Mobile",
  "mobile rams": "Mobile",
  "monarchs": "Old Dominion",
  "monmouth": "Monmouth",
  "monmouth hawks": "Monmouth",
  "montana": "Montana",
  "montana grizzlies": "Montana",
  "montana st bobcats": "Montana State",
  "montana st.": "Montana State",
  "montana state": "Montana State",
  "montana state bobcats": "Montana State",
  "montana-western": "Montana-Western",
  "montana-western bulldogs": "Montana-Western",
  "morehead st eagles": "Morehead State",
  "morehead st.": "Morehead State",
  "morehead state": "Morehead State",
  "morehead state eagles": "Morehead State",
  "morehouse": "Morehouse",
  "morehouse maroon tigers": "Morehouse",
  "morgan st bears": "Morgan State",
  "morgan st.": "Morgan State",
  "morgan state": "Morgan State",
  "morgan state bears": "Morgan State",
  "mount st marys": "Mount St. Mary's",
  "mount st. mary's": "Mount St. Mary's",
  "mount st. mary's mountaineers": "Mount St. Mary's",
  "mountaineers": "West Virginia",
  "msu": "Michigan State",
  "msu bears": "Missouri State",
  "msu bulldogs": "Mississippi St.",
  "mt. st. mary's": "Mount St. Mary's",
  "mt. st. mary's mountaineers": "Mount St. Mary's",
  "mtsu": "Middle Tenn. St.",
  "murray st racers": "Murray State",
  "murray st.": "Murray State",
  "murray state": "Murray State",
  "murray state racers": "Murray State",
  "musketeers": "Xavier",
  "mustangs": "SMU",
  "mvsu": "Miss. Valley St.",
  "mvsu delta devils": "Miss. Valley St.",
  "n colorado": "Northern Colorado",
  "n colorado bears": "Northern Colorado",
  "n. colorado": "Northern Colorado",
  "n.c. a&t": "N. Carolina A&T",
  "n.c. central": "N.C. Central",
  "n.c. greensboro": "NC Greensboro",
  "n.c. state": "N.C. State",
  "n.c. state blue devils": "N.C. State",
  "navy": "Navy",
  "navy midshipmen": "Navy",
  "nc": "North Carolina",
  "nc a&t": "N. Carolina A&T",
  "nc state": "NC State",
  "nc state wolfpack": "NC State",
  "nccu": "N. Carolina Central",
  "ncsu": "N.C. State",
  "nd": "Notre Dame",
  "ndsu": "North Dakota St",
  "nebraska": "Nebraska",
  "nebraska cornhuskers": "Nebraska",
  "nebraska omaha": "Omaha",
  "nebraska omaha mavericks": "Omaha",
  "nebraska-omaha": "Nebraska O.",
  "nelson": "Nelson",
  "nelson lions": "Nelson",
  "nevada": "Nevada",
  "nevada las vegas": "UNLV",
  "nevada wolf pack": "Nevada",
  "nevada-las vegas": "UNLV",
  "new hampshire": "New Hampshire",
  "new hampshire wildcats": "New Hampshire",
  "new haven": "New Haven",
  "new mexico": "New Mexico",
  "new mexico highlands": "New Mexico Highlands",
  "new mexico highlands cowboys": "New Mexico Highlands",
  "new mexico lobos": "New Mexico",
  "new mexico st aggies": "New Mexico State",
  "new mexico st.": "New Mexico St.",
  "new mexico state": "New Mexico State",
  "new mexico state aggies": "New Mexico State",
  "new orleans": "New Orleans",
  "new orleans privateers": "New Orleans",
  "niagara": "Niagara",
  "niagara purple": "Niagara",
  "niagara purple eagles": "Niagara",
  "nicholls": "Nicholls",
  "nicholls colonels": "Nicholls",
  "nicholls st": "Nicholls",
  "nicholls st colonels": "Nicholls State",
  "nicholls st.": "Nicholls State",
  "nicholls state": "Nicholls State",
  "nicholls state colonels": "Nicholls State",
  "nittany lions": "Penn St.",
  "niu": "Northern Illinois",
  "njit": "NJIT",
  "njit highlanders": "NJIT",
  "nku": "Northern Kentucky",
  "no colorado": "Northern Colorado",
  "no. colorado": "Northern Colorado",
  "norfolk st spartans": "Norfolk State",
  "norfolk st.": "Norfolk State",
  "norfolk state": "Norfolk State",
  "norfolk state spartans": "Norfolk State",
  "norse": "Northern Kentucky",
  "north alabama": "North Alabama",
  "north alabama lions": "North Alabama",
  "north carolina": "North Carolina",
  "north carolina a&t": "N. Carolina A&T",
  "north carolina a&t aggies": "N. Carolina A&T",
  "north carolina blue devils": "North Carolina",
  "north carolina central": "N. Carolina Central",
  "north carolina central eagles": "N. Carolina Central",
  "north carolina st wolfpack": "NC State",
  "north carolina st.": "NC State",
  "north carolina state": "N.C. State",
  "north carolina tar heels": "North Carolina",
  "north colorado": "Northern Colorado",
  "north dakota": "North Dakota",
  "north dakota fighting hawks": "North Dakota",
  "north dakota st bison": "North Dakota St",
  "north dakota st.": "North Dakota State",
  "north dakota state": "North Dakota St",
  "north dakota state bison": "North Dakota St",
  "north florida": "North Florida",
  "north florida ospreys": "North Florida",
  "north park": "North Park",
  "north park vikings": "North Park",
  "north texas": "North Texas",
  "north texas mean green": "North Texas",
  "northeastern": "Northeastern",
  "northeastern huskies": "Northeastern",
  "northern arizona": "Northern Arizona",
  "northern arizona lumberjacks": "Northern Arizona",
  "northern colorado": "Northern Colorado",
  "northern colorado bears": "Northern Colorado",
  "northern illinois": "Northern Illinois",
  "northern illinois huskies": "Northern Illinois",
  "northern iowa": "Northern Iowa",
  "northern iowa panthers": "Northern Iowa",
  "northern kentucky": "Northern Kentucky",
  "northern kentucky norse": "Northern Kentucky",
  "northern new mexico": "Northern New Mexico",
  "northern new mexico eagles": "Northern New Mexico",
  "northwest indian": "Northwest Indian",
  "northwest indian redhawks": "Northwest Indian",
  "northwestern": "Northwestern",
  "northwestern st demons": "Northwestern St.",
  "northwestern st.": "Northwestern St.",
  "northwestern state": "Northwestern St.",
  "northwestern state demons": "Northwestern St.",
  "northwestern wildcats": "Northwestern",
  "notre dame": "Notre Dame",
  "notre dame blue devils": "Notre Dame",
  "notre dame fighting irish": "Notre Dame",
  "nova": "Villanova",
  "oakland": "Oakland",
  "oakland golden": "Oakland",
  "oakland golden grizzlies": "Oakland",
  "occidental": "Occidental",
  "occidental tigers": "Occidental",
  "odu": "Old Dominion",
  "ohio": "Ohio",
  "ohio bobcats": "Ohio",
  "ohio st buckeyes": "Ohio State",
  "ohio st.": "Ohio State",
  "ohio state": "Ohio State",
  "ohio state buckeyes": "Ohio State",
  "ohio u": "Ohio",
  "okie state": "Oklahoma St.",
  "oklahoma": "Oklahoma",
  "oklahoma sooners": "Oklahoma",
  "oklahoma st cowboys": "Oklahoma State",
  "oklahoma st.": "Oklahoma State",
  "oklahoma state": "Oklahoma State",
  "oklahoma state cowboys": "Oklahoma State",
  "okst": "Oklahoma State",
  "old dominion": "Old Dominion",
  "old dominion monarchs": "Old Dominion",
  "ole miss": "Mississippi",
  "ole miss rebels": "Mississippi",
  "omaha": "Nebraska O.",
  "omaha mavericks": "Nebraska O.",
  "oral roberts": "Oral Roberts",
  "oral roberts golden eagles": "Oral Roberts",
  "orange": "Syracuse",
  "oregon": "Oregon",
  "oregon ducks": "Oregon",
  "oregon st beavers": "Oregon State",
  "oregon st.": "Oregon State",
  "oregon state": "Oregon State",
  "oregon state beavers": "Oregon State",
  "osu": "Ohio State",
  "osu beavers": "Oregon State",
  "osu cowboys": "Oklahoma State",
  "ou": "Oklahoma",
  "our lady of the lake": "Our Lady Of The Lake",
  "our lady of the lake saints": "Our Lady Of The Lake",
  "owls": "Temple",
  "pacific": "Pacific",
  "pacific tigers": "Pacific",
  "panthers": "Pittsburgh",
  "patriots": "George Mason",
  "paul quinn": "Paul Quinn",
  "paul quinn tigers": "Paul Quinn",
  "penguins": "Youngstown St.",
  "penn": "Penn",
  "penn quakers": "Penn",
  "penn st nittany lions": "Penn State",
  "penn st.": "Penn State",
  "penn state": "Penn State",
  "penn state nittany lions": "Penn State",
  "penn state-alleghany": "Penn State-Alleghany",
  "penn state-alleghany nittany lions": "Penn State-Alleghany",
  "pennsylvania": "Penn",
  "pennsylvania quakers": "Penn",
  "pepperdine": "Pepperdine",
  "pepperdine waves": "Pepperdine",
  "peru state": "Peru State",
  "peru state bobcats": "Peru State",
  "pfw": "IPFW",
  "pfw mastodons": "IPFW",
  "phoenix": "Green Bay",
  "piedmont": "Piedmont",
  "piedmont lions": "Piedmont",
  "pilots": "Portland",
  "pirates": "Seton Hall",
  "pitt": "Pittsburgh",
  "pitt panthers": "Pittsburgh",
  "pittsburgh": "Pittsburgh",
  "pittsburgh - greensburg": "Pittsburgh - Greensburg",
  "pittsburgh - greensburg bobcats": "Pittsburgh - Greensburg",
  "pittsburgh blue devils": "Pittsburgh",
  "pittsburgh panthers": "Pittsburgh",
  "portland": "Portland",
  "portland pilots": "Portland",
  "portland st vikings": "Portland State",
  "portland st.": "Portland State",
  "portland state": "Portland State",
  "portland state vikings": "Portland State",
  "prairie view": "Prairie View A&M",
  "prairie view a&m": "Prairie View A&M",
  "prairie view a&m panthers": "Prairie View A&M",
  "prairie view a&m st.": "Prairie View A&M",
  "prairie view panthers": "Prairie View A&M",
  "presbyterian": "Presbyterian",
  "presbyterian blue hose": "Presbyterian",
  "presentation college": "Presentation College",
  "presentation college saints": "Presentation College",
  "pride": "Hofstra",
  "princeton": "Princeton",
  "princeton tigers": "Princeton",
  "providence": "Providence",
  "providence friars": "Providence",
  "psu": "Penn State",
  "purdue": "Purdue",
  "purdue boilermakers": "Purdue",
  "purdue fort wayne": "IPFW",
  "purdue fort wayne mastodons": "IPFW",
  "purple aces": "Evansville",
  "purple eagles": "Niagara",
  "quakers": "Penn",
  "queens": "Queens",
  "queens university": "Queens Royals",
  "queens university royals": "Queens Royals",
  "quinnipiac": "Quinnipiac",
  "quinnipiac bobcats": "Quinnipiac",
  "racers": "Murray St.",
  "radford": "Radford",
  "radford highlanders": "Radford",
  "ragin cajuns": "Louisiana",
  "ragin' cajuns": "Louisiana",
  "ramblers": "Loyola Chicago",
  "rams": "Colorado St.",
  "razorbacks": "Arkansas",
  "red foxes": "Marist",
  "red raiders": "Texas Tech",
  "red wolves": "Arkansas St.",
  "redbirds": "Illinois St.",
  "redhawks": "Miami OH",
  "rhode island": "Rhode Island",
  "rhode island rams": "Rhode Island",
  "rice": "Rice",
  "rice owls": "Rice",
  "richmond": "Richmond",
  "richmond spiders": "Richmond",
  "rider": "Rider",
  "rider broncs": "Rider",
  "rio grande valley": "UTRGV",
  "rmu": "Robert Morris",
  "robert morris": "Robert Morris",
  "robert morris colonials": "Robert Morris",
  "rockets": "Toledo",
  "runnin' rebels": "UNLV",
  "rutgers": "Rutgers",
  "rutgers scarlet knights": "Rutgers",
  "s.c. st.": "South Carolina State",
  "s.c. state": "South Carolina State",
  "sac state": "Sacramento State",
  "sacramento st hornets": "Sacramento State",
  "sacramento st.": "Sacramento State",
  "sacramento state": "Sacramento State",
  "sacramento state hornets": "Sacramento State",
  "sacred heart": "Sacred Heart",
  "sacred heart pioneers": "Sacred Heart",
  "saint bonaventure": "St. Bonaventure",
  "saint francis": "St. Francis",
  "saint joe's": "Saint Joseph's",
  "saint john's": "St. John's (N.Y.)",
  "saint john's red storm": "St. John's (N.Y.)",
  "saint joseph's": "Saint Josephs Hawks",
  "saint joseph's hawks": "Saint Josephs Hawks",
  "saint josephs": "Saint Josephs Hawks",
  "saint louis": "St. Louis Billikens",
  "saint louis billikens": "St. Louis Billikens",
  "saint mary's": "St. Marys (CA)",
  "saint mary's (ca)": "St. Marys (CA)",
  "saint mary's ca": "Saint Mary's",
  "saint mary's gaels": "St. Marys (CA)",
  "saint marys": "Saint Mary's",
  "saint peter's": "St. Peters",
  "saint peter's peacocks": "St. Peters",
  "saints": "Siena",
  "salukis": "Southern Illinois",
  "sam houston": "Sam Houston St.",
  "sam houston bearkats": "Sam Houston St.",
  "sam houston st bearkats": "Sam Houston St.",
  "sam houston st.": "Sam Houston St.",
  "sam houston state": "Sam Houston St.",
  "sam houston state bearkats": "Sam Houston St.",
  "samford": "Samford",
  "samford bulldogs": "Samford",
  "san diego": "San Diego",
  "san diego christian": "San Diego Christian",
  "san diego christian hawks": "San Diego Christian",
  "san diego st aztecs": "San Diego State",
  "san diego st.": "San Diego State",
  "san diego state": "San Diego State",
  "san diego state aztecs": "San Diego State",
  "san diego toreros": "San Diego",
  "san francisco": "San Francisco",
  "san francisco dons": "San Francisco",
  "san jose st spartans": "San Jose State",
  "san jose st.": "San Jose State",
  "san jose state": "San Jose State",
  "san jose state spartans": "San Jose State",
  "san jos\u00e9 st spartans": "San Jose State",
  "san jos\u00e9 state": "San Jose State",
  "san jos\u00e9 state spartans": "San Jos\u00e9 State",
  "santa clara": "Santa Clara",
  "santa clara broncos": "Santa Clara",
  "savannah state": "Savannah State",
  "savannah state tigers": "Savannah State",
  "sc state": "South Carolina State",
  "sc state bulldogs": "South Carolina State",
  "sc upstate": "USC Upstate",
  "scarlet knights": "Rutgers",
  "schreiner": "Schreiner",
  "schreiner mountaineers": "Schreiner",
  "sdsu": "San Diego State",
  "se louisiana": "SE Louisiana",
  "se louisiana lions": "SE Louisiana",
  "se missouri st": "Southeast Missouri State",
  "se missouri st redhawks": "Southeast Missouri State",
  "se missouri state": "Southeast Missouri State",
  "seattle": "Seattle",
  "seattle redhawks": "Seattle",
  "seattle u": "Seattle U",
  "seattle u redhawks": "Seattle U",
  "seattle university": "Seattle",
  "seattle university redhawks": "Seattle",
  "seawolves": "Stony Brook",
  "seminoles": "Florida St.",
  "semo": "Southeast Missouri State",
  "semo redhawks": "Southeast Missouri State",
  "seton hall": "Seton Hall",
  "seton hall pirates": "Seton Hall",
  "shockers": "Wichita St.",
  "siena": "Siena",
  "siena heights": "Siena Heights",
  "siena heights saints": "Siena Heights",
  "siena saints": "Siena",
  "siu": "Southern Illinois",
  "siu edwardsville": "SIU Edwardsville",
  "siu edwardsville cougars": "SIU Edwardsville",
  "siu-edwardsville": "SIU-Edwardsville",
  "siu-edwardsville cougars": "SIU Edwardsville",
  "sjsu": "San Jose State",
  "sju": "St. John's",
  "slu": "Saint Louis",
  "smc": "Saint Mary's",
  "smu": "SMU",
  "smu mustangs": "SMU",
  "so methodist": "SMU",
  "sooners": "Oklahoma",
  "south alabama": "South Alabama",
  "south alabama jaguars": "South Alabama",
  "south carolina": "South Carolina",
  "south carolina gamecocks": "South Carolina",
  "south carolina st": "South Carolina State",
  "south carolina st bulldogs": "South Carolina State",
  "south carolina st.": "S.C. St.",
  "south carolina state": "South Carolina State",
  "south carolina state bulldogs": "South Carolina State",
  "south carolina upstate": "USC Upstate",
  "south carolina upstate spartans": "USC Upstate",
  "south dakota": "South Dakota",
  "south dakota coyotes": "South Dakota",
  "south dakota st jackrabbits": "South Dakota State",
  "south dakota st.": "South Dakota State",
  "south dakota state": "South Dakota State",
  "south dakota state jackrabbits": "South Dakota State",
  "south florida": "South Florida",
  "south florida bulls": "South Florida",
  "southeast missouri st redhawks": "Southeast Missouri State",
  "southeast missouri st.": "Southeast Missouri State",
  "southeast missouri state": "Southeast Missouri State",
  "southeast missouri state redhawks": "Southeast Missouri State",
  "southeastern louisiana": "SE Louisiana",
  "southern": "Southern Univ.",
  "southern cal": "USC",
  "southern california": "USC",
  "southern illinois": "Southern Illinois",
  "southern illinois salukis": "Southern Illinois",
  "southern indiana": "Southern Indiana",
  "southern indiana screaming": "Southern Indiana",
  "southern indiana screaming eagles": "Southern Indiana",
  "southern jaguars": "Southern Univ.",
  "southern methodist": "SMU",
  "southern miss": "Southern Miss",
  "southern miss golden eagles": "Southern Miss",
  "southern mississippi": "Southern Miss",
  "southern university": "Southern Univ.",
  "southern utah": "Southern Utah",
  "southern utah thunderbirds": "Southern Utah",
  "southwestern (tx)": "Southwestern (TX)",
  "southwestern (tx) pirates": "Southwestern (TX)",
  "southwestern assemblies of god": "Southwestern Assemblies of God",
  "southwestern assemblies of god lions": "Southwestern Assemblies of God",
  "spartans": "Michigan St.",
  "spiders": "Richmond",
  "spring hill": "Spring Hill",
  "spring hill badgers": "Spring Hill",
  "st bonaventure": "St. Bonaventure",
  "st john's": "St. John's",
  "st joseph's": "Saint Joseph's",
  "st louis": "Saint Louis",
  "st mary's": "Saint Mary's",
  "st marys": "Saint Mary's",
  "st. bonaventure": "St. Bonaventure",
  "st. bonaventure bonnies": "St. Bonaventure",
  "st. edward's": "St. Edward's",
  "st. edward's hilltoppers": "St. Edward's",
  "st. elizabeth": "St. Elizabeth",
  "st. elizabeth eagles": "St. Elizabeth",
  "st. francis": "St. Francis",
  "st. francis (bkn)": "St. Francis Brooklyn",
  "st. francis (il) fighting": "St. Francis (IL) Fighting",
  "st. francis (il) fighting saints": "St. Francis (IL) Fighting",
  "st. francis (pa)": "St. Francis (PA)",
  "st. francis (pa) red flash": "St. Francis (PA)",
  "st. francis bkn": "St. Francis Brooklyn",
  "st. francis bkn terriers": "St. Francis BKN",
  "st. francis brooklyn": "St. Francis Brooklyn",
  "st. francis brooklyn terriers": "St. Francis Brooklyn",
  "st. francis pa": "St. Francis (PA)",
  "st. john's": "St. John's (N.Y.)",
  "st. john's red storm": "St. John's (N.Y.)",
  "st. joseph's": "Saint Josephs Hawks",
  "st. joseph's (ny)": "St. Joseph's (NY)",
  "st. joseph's (ny) bears": "St. Joseph's (NY)",
  "st. joseph's hawks": "Saint Josephs Hawks",
  "st. louis": "St. Louis Billikens",
  "st. mary's": "St. Marys (CA)",
  "st. mary's gaels": "St. Marys (CA)",
  "st. marys": "St. Marys (CA)",
  "st. peter's": "St. Peters",
  "st. peter's peacocks": "St. Peters",
  "st. thomas": "St. Thomas",
  "st. thomas (mn)": "St. Thomas (Minn.)",
  "st. thomas (mn) tommies": "St. Thomas (Minn.)",
  "st. thomas minnesota": "St. Thomas (Minn.)",
  "st. xavier  (il)": "St. Xavier  (IL)",
  "st. xavier  (il) cougars": "St. Xavier  (IL)",
  "stags": "Fairfield",
  "stanford": "Stanford",
  "stanford cardinal": "Stanford",
  "stephen f. austin": "Stephen F. Austin",
  "stephen f. austin lumberjacks": "Stephen F. Austin",
  "stephen f. austin st.": "Stephen F. Austin",
  "stetson": "Stetson",
  "stetson hatters": "Stetson",
  "stonehill": "Stonehill",
  "stonehill skyhawks": "Stonehill",
  "stony brook": "Stony Brook",
  "stony brook seawolves": "Stony Brook",
  "sun devils": "Arizona St.",
  "sycamores": "Indiana St.",
  "syracuse": "Syracuse",
  "syracuse blue devils": "Syracuse",
  "syracuse orange": "Syracuse",
  "tamu": "Texas A&M",
  "tamucc": "Texas A&M-CC",
  "tar heels": "North Carolina",
  "tarleton": "Tarleton State",
  "tarleton st texans": "Tarleton State",
  "tarleton st.": "Tarleton State",
  "tarleton state": "Tarleton State",
  "tarleton state texans": "Tarleton State",
  "tcu": "TCU",
  "tcu horned frogs": "TCU",
  "temple": "Temple",
  "temple owls": "Temple",
  "tenn": "Tennessee",
  "tenn-martin": "UT Martin",
  "tenn-martin skyhawks": "UT Martin",
  "tennessee": "Tennessee",
  "tennessee martin": "UT Martin",
  "tennessee st tigers": "Tennessee State",
  "tennessee st.": "Tennessee State",
  "tennessee state": "Tennessee State",
  "tennessee state tigers": "Tennessee State",
  "tennessee tech": "Tennessee Tech",
  "tennessee tech golden eagles": "Tennessee Tech",
  "tennessee volunteers": "Tennessee",
  "tennessee-martin": "UT Martin",
  "tennessee-martin skyhawks": "UT Martin",
  "terps": "Maryland",
  "terrapins": "Maryland",
  "texas": "Texas",
  "texas a & m": "Texas A&M",
  "texas a&m": "Texas A&M",
  "texas a&m aggies": "Texas A&M",
  "texas a&m commerce": "TX A&M Commerce",
  "texas a&m commerce lions": "TX A&M Commerce",
  "texas a&m corpus chris": "Texas A&M-CC",
  "texas a&m corpus christi": "Texas A&M-CC",
  "texas a&m-cc islanders": "Texas A&M-CC",
  "texas a&m-commerce": "TX A&M Commerce",
  "texas a&m-commerce lions": "TX A&M Commerce",
  "texas a&m-corpus christi": "Texas A&M-CC",
  "texas am": "Texas A&M",
  "texas arlington": "UT Arlington",
  "texas christian": "TCU",
  "texas el paso": "UTEP",
  "texas longhorns": "Texas",
  "texas lutheran": "Texas Lutheran",
  "texas lutheran bulldogs": "Texas Lutheran",
  "texas rio grande valley": "UTRGV",
  "texas southern": "Texas Southern",
  "texas southern st.": "Texas Southern",
  "texas southern tigers": "Texas Southern",
  "texas st bobcats": "Texas State",
  "texas st.": "Texas State",
  "texas state": "Texas State",
  "texas state bobcats": "Texas State",
  "texas tech": "Texas Tech",
  "texas tech red raiders": "Texas Tech",
  "texas-rio grande valley": "UTRGV",
  "the citadel": "The Citadel",
  "the citadel bulldogs": "The Citadel",
  "the u": "Miami FL",
  "thomas (me)": "Thomas (ME)",
  "thomas (me) terriers": "Thomas (ME)",
  "thundering herd": "Marshall",
  "tigers": "Auburn",
  "titans": "Detroit Mercy",
  "toccoa falls": "Toccoa Falls",
  "toccoa falls eagles": "Toccoa Falls",
  "toledo": "Toledo",
  "toledo rockets": "Toledo",
  "toreros": "San Diego",
  "towson": "Towson",
  "towson tigers": "Towson",
  "transylvania": "Transylvania",
  "transylvania pioneers": "Transylvania",
  "trinity college of jacksonville": "Trinity College of Jacksonville",
  "trinity college of jacksonville eagles": "Trinity College of Jacksonville",
  "trojans": "USC",
  "troy": "Troy",
  "troy st.": "Troy",
  "troy trojans": "Troy",
  "truett-mcconnell": "Truett-McConnell",
  "truett-mcconnell bears": "Truett-McConnell",
  "tsu tigers": "Tennessee St.",
  "ttu": "Texas Tech",
  "ttu golden eagles": "Tennessee Tech",
  "tulane": "Tulane",
  "tulane green wave": "Tulane",
  "tulsa": "Tulsa",
  "tulsa golden hurricane": "Tulsa",
  "u of a": "Arizona",
  "u of i": "Illinois",
  "u of m": "Michigan",
  "u of miami": "Miami FL",
  "u penn": "Penn",
  "u-m": "Michigan",
  "u.c.f.": "UCF",
  "ua": "Arizona",
  "uab": "UAB",
  "uab blazers": "UAB",
  "ualbany": "UAlbany",
  "ualbany great danes": "UAlbany",
  "ualr": "UALR",
  "uapb": "Arkansas-Pine Bluff",
  "ub": "Buffalo",
  "uc davis": "UC Davis",
  "uc davis aggies": "UC Davis",
  "uc irvine": "UC Irvine",
  "uc irvine anteaters": "UC Irvine",
  "uc riverside": "UC Riverside",
  "uc riverside highlanders": "UC Riverside",
  "uc san diego": "UC San Diego",
  "uc san diego tritons": "UC San Diego",
  "uc santa barbara": "UC Santa Barbara",
  "uc santa barbara gauchos": "UC Santa Barbara",
  "ucf": "UCF",
  "ucf knights": "UCF",
  "ucla": "UCLA",
  "ucla bruins": "UCLA",
  "uconn": "UConn",
  "uconn huskies": "UConn",
  "udub": "Washington",
  "uf": "Florida",
  "uga": "Georgia",
  "uh": "Houston",
  "uic": "Illinois (Chi.)",
  "uic flames": "Illinois (Chi.)",
  "uk": "Kentucky",
  "ul lafayette": "Louisiana Lafayette",
  "ul monroe": "UL Monroe",
  "ul monroe warhawks": "UL Monroe",
  "ull": "Louisiana",
  "ulm": "UL Monroe",
  "umass": "Massachusetts",
  "umass lowell": "UMass Lowell",
  "umass lowell river hawks": "UMass Lowell",
  "umbc": "UMBC",
  "umbc retrievers": "UMBC",
  "umes": "Md.-East. Shore",
  "umkc": "UMKC",
  "umkc kangaroos": "UMKC",
  "unc": "North Carolina",
  "unc asheville": "UNC Asheville",
  "unc asheville bulldogs": "UNC Asheville",
  "unc bears": "Northern Colorado",
  "unc charlotte": "Charlotte",
  "unc greensboro": "NC Greensboro",
  "unc greensboro spartans": "NC Greensboro",
  "unc tar heels": "North Carolina",
  "unc wilmington": "NC Wilmington",
  "unc wilmington seahawks": "NC Wilmington",
  "unc-greensboro": "NC Greensboro",
  "unc-wilmington": "NC Wilmington",
  "uncc": "Charlotte",
  "uncg": "NC Greensboro",
  "uncw": "UNC Wilmington",
  "uni": "Northern Iowa",
  "unlv": "UNLV",
  "unlv rebels": "UNLV",
  "unm": "New Mexico",
  "uno": "Omaha",
  "uno mavericks": "Omaha",
  "uno privateers": "New Orleans",
  "unt": "North Texas",
  "uo": "Oregon",
  "uop": "Pacific",
  "upenn": "Penn",
  "uri": "Rhode Island",
  "usa": "South Alabama",
  "usc": "USC",
  "usc gamecocks": "South Carolina",
  "usc trojans": "USC",
  "usc upstate": "USC Upstate",
  "usd": "San Diego",
  "usf": "South Florida",
  "usf dons": "San Francisco",
  "usi": "Southern Indiana",
  "usm": "Southern Miss",
  "ut": "Texas",
  "ut arlington": "UT Arlington",
  "ut arlington mavericks": "UT Arlington",
  "ut chattanooga": "Chattanooga Mocs",
  "ut martin": "UT Martin",
  "ut martin skyhawks": "UT Martin",
  "ut rio grande valley": "UTRGV",
  "ut rio grande valley vaqueros": "UTRGV",
  "ut san antonio": "UTSA",
  "ut-arlington": "UT-Arlington",
  "ut-arlington mavericks": "UT Arlington",
  "ut-martin": "UT Martin",
  "uta": "UT Arlington",
  "utah": "Utah",
  "utah st aggies": "Utah State",
  "utah st.": "Utah State",
  "utah state": "Utah State",
  "utah state aggies": "Utah State",
  "utah tech": "Utah Tech",
  "utah tech trailblazers": "Utah Tech",
  "utah utes": "Utah",
  "utah valley": "Utah Valley State",
  "utah valley wolverines": "Utah Valley State",
  "utep": "UTEP",
  "utep miners": "UTEP",
  "utes": "Utah",
  "utm": "UT Martin",
  "utrgv": "UTRGV",
  "utrgv vaqueros": "UT Rio Grande Valley",
  "utsa": "UTSA",
  "utsa roadrunners": "UTSA",
  "uva": "Virginia",
  "uvu": "Utah Valley State",
  "uw": "Washington",
  "uw green bay": "Green Bay",
  "uw milwaukee": "Milwaukee",
  "uw-green bay": "Wisc. Green Bay",
  "uw-milwaukee": "Wisc. Milwaukee",
  "va tech": "Virginia Tech",
  "valparaiso": "Valparaiso",
  "valparaiso beacons": "Valparaiso",
  "valparaiso crusaders": "Valparaiso",
  "valpo": "Valparaiso",
  "vanderbilt": "Vanderbilt",
  "vanderbilt commodores": "Vanderbilt",
  "vandy": "Vanderbilt",
  "vcu": "VCU",
  "vcu rams": "VCU",
  "vermont": "Vermont",
  "vermont catamounts": "Vermont",
  "vikings": "Cleveland St.",
  "villanova": "Villanova",
  "villanova wildcats": "Villanova",
  "virginia": "Virginia",
  "virginia blue devils": "Virginia",
  "virginia cavaliers": "Virginia",
  "virginia commonwealth": "VCU",
  "virginia tech": "Virginia Tech",
  "virginia tech blue devils": "Virginia Tech",
  "virginia tech hokies": "Virginia Tech",
  "vmi": "VMI",
  "vmi keydets": "VMI",
  "vols": "Tennessee",
  "volunteers": "Tennessee",
  "vt": "Virginia Tech",
  "w carolina": "Western Carolina",
  "wagner": "Wagner",
  "wagner seahawks": "Wagner",
  "wake forest": "Wake Forest",
  "wake forest blue devils": "Wake Forest",
  "wake forest demon deacons": "Wake Forest",
  "warhawks": "UL Monroe",
  "warren wilson": "Warren Wilson",
  "warren wilson owls": "Warren Wilson",
  "washington": "Washington",
  "washington huskies": "Washington",
  "washington st cougars": "Washington State",
  "washington st.": "Washington State",
  "washington state": "Washington State",
  "washington state cougars": "Washington State",
  "waves": "Pepperdine",
  "wazzu": "Washington State",
  "wcu": "Western Carolina",
  "weber st wildcats": "Weber State",
  "weber st.": "Weber State",
  "weber state": "Weber State",
  "weber state wildcats": "Weber State",
  "west alabama": "West Alabama",
  "west alabama tigers": "West Alabama",
  "west coast baptist": "West Coast Baptist",
  "west coast baptist eagles": "West Coast Baptist",
  "west georgia": "West Georgia",
  "west georgia wolves": "West Georgia",
  "west virginia": "West Virginia",
  "west virginia mountaineers": "West Virginia",
  "west virginia wesleyan": "West Virginia Wesleyan",
  "west virginia wesleyan bobcats": "West Virginia Wesleyan",
  "western carolina": "Western Carolina",
  "western carolina catamounts": "Western Carolina",
  "western colorado": "Western Colorado",
  "western colorado mountaineers": "Western Colorado",
  "western illinois": "Western Illinois",
  "western illinois leathernecks": "Western Illinois",
  "western kentucky": "Western Kentucky",
  "western kentucky hilltoppers": "Western Kentucky",
  "western michigan": "Western Michigan",
  "western michigan broncos": "Western Michigan",
  "westminster (pa)": "Westminster (PA)",
  "westminster (pa) titans": "Westminster (PA)",
  "wichita st shockers": "Wichita State",
  "wichita st.": "Wichita State",
  "wichita state": "Wichita State",
  "wichita state shockers": "Wichita State",
  "wildcats": "Kentucky",
  "wiley": "Wiley",
  "wiley wildcats": "Wiley",
  "william & mary": "William & Mary",
  "william & mary tribe": "William & Mary",
  "william woods": "William Woods",
  "william woods owls": "William Woods",
  "wilmington": "UNC Wilmington",
  "wilmington (de)": "Wilmington (DE)",
  "wilmington (de) wildcats": "Wilmington (DE)",
  "winthrop": "Winthrop",
  "winthrop eagles": "Winthrop",
  "wisc": "Wisconsin",
  "wisconsin": "Wisconsin",
  "wisconsin badgers": "Wisconsin",
  "wisconsin-green bay": "Wisc. Green Bay",
  "wisconsin-milwaukee": "Wisc. Milwaukee",
  "wisconsin-stout": "Wisconsin-Stout",
  "wisconsin-stout blue devils": "Wisconsin-Stout",
  "wku": "Western Kentucky",
  "wmu": "Western Michigan",
  "wofford": "Wofford",
  "wofford terriers": "Wofford",
  "wolf pack": "Nevada",
  "wolverines": "Michigan",
  "wright st raiders": "Wright State",
  "wright st.": "Wright State",
  "wright state": "Wright State",
  "wright state raiders": "Wright State",
  "wsu": "Washington State",
  "wvu": "West Virginia",
  "wvu tech golden": "WVU Tech Golden",
  "wvu tech golden bears": "WVU Tech Golden",
  "wyoming": "Wyoming",
  "wyoming cowboys": "Wyoming",
  "xavier": "Xavier",
  "xavier musketeers": "Xavier",
  "yale": "Yale",
  "yale bulldogs": "Yale",
  "yellow jackets": "Georgia Tech",
  "youngstown st penguins": "Youngstown State",
  "youngstown st.": "Youngstown State",
  "youngstown state": "Youngstown State",
  "youngstown state penguins": "Youngstown State",
  "zags": "Gonzaga",
  "zips": "Akron",
  "mississippi valley st delta devils": "Miss. Valley St.",
  "loyola-maryland greyhounds": "Loyola Maryland",
  "middle tennessee state blue raiders": "Middle Tenn. St.",
  "middle tenn. st.": "Middle Tenn. St.",
  "middle tenn st": "Middle Tenn. St.",
  "mtsu blue raiders": "Middle Tenn. St.",
  "shsu bearkats": "Sam Houston St.",
  "northwestern st. demons": "Northwestern St.",
  "northwestern st": "Northwestern St.",
  "illinois chicago flames": "Illinois (Chi.)",
  "illinois-chicago flames": "Illinois (Chi.)",
  "illinois (chi.)": "Illinois (Chi.)",
  "north dakota st": "North Dakota St",
  "ndsu bison": "North Dakota St",
  "utah valley state wolverines": "Utah Valley State",
  "uvu wolverines": "Utah Valley State",
  "stephen f austin lumberjacks": "Stephen F. Austin",
  "sfa lumberjacks": "Stephen F. Austin",
  "sfa": "Stephen F. Austin",
  "weber st": "Weber State",
  "texas st": "Texas State",
  "kent st": "Kent State",
  "jmu dukes": "James Madison",
  "alabama-birmingham blazers": "UAB",
  "alabama birmingham": "UAB",
  "western ill leathernecks": "Western Illinois",
  "western ill": "Western Illinois",
  "uni panthers": "Northern Iowa",
  "texas-san antonio roadrunners": "UTSA",
  "texas san antonio": "UTSA",
  "texas-san antonio": "UTSA",
  "western mich broncos": "Western Michigan",
  "western mich": "Western Michigan",
  "jax state gamecocks": "Jacksonville State",
  "jax state": "Jacksonville State",
  "uga bulldogs": "Georgia",
  "louisiana state tigers": "LSU",
  "ar-little rock": "UALR",
  "purdue-fort wayne": "IPFW",
  "miami (ohio)": "Miami (Ohio)",
  "shsu": "Sam Houston St."
}